strike,moneyness,bid,mid,ask,last,change,pct_change,volume,open_interest,oi_change,iv,delta,type,last_trade
7.0,,,,,,,,,,,0.8588139998108633,0.9015385109099684,call,
7.0,,,,,,,,,,,0.8588139998108633,-0.10091244262440756,put,
10.0,,,,,,,,,,,0.7732265765168752,0.8329085658570766,call,
10.0,,,,,,,,,,,0.7732265765168752,-0.17253246025022306,put,
12.0,,,,,,,,,,,0.7367486533684853,0.78161196523535,call,
12.0,,,,,,,,,,,0.7367486533684853,-0.2267147450204191,put,
15.0,,,,,,,,,,,0.7035999743619497,0.7019330432165181,call,
15.0,,,,,,,,,,,0.7035999743619497,-0.31226799675564554,put,
17.0,,,,,,,,,,,0.6909759077828104,0.6504264577556522,call,
17.0,,,,,,,,,,,0.6909759077828104,-0.3685848339764975,put,
20.0,,,,,,,,,,,,,call,
20.0,,,,,,,,,,,,,put,
22.0,,,,,,,,,,,,,call,
22.0,,,,,,,,,,,,,put,
25.0,,,,,,,,,,,,,call,
25.0,,,,,,,,,,,,,put,
